Customer_ID,Age,Occupation,Monthly_Income,Home_City,Usual_Device,Average_Transaction
CUST0001,19,Student,19012,Hyderabad,iPhone,585
CUST0002,61,Student,27870,Mumbai,MacBook,365
CUST0003,23,Student,17164,Hyderabad,Android,1449
CUST0004,63,Salaried,115181,Jaipur,MacBook,2605
CUST0005,55,Freelancer,61463,Delhi,iPhone,4162
CUST0006,35,Business,120758,Hyderabad,Windows,6349
CUST0007,42,Student,13169,Lucknow,Windows,841
CUST0008,64,Student,25054,Jaipur,Android,1075
CUST0009,53,Student,19606,Ahmedabad,Windows,1482
CUST0010,63,Salaried,39116,Delhi,iPhone,3170
CUST0011,32,Student,13309,Kolkata,Windows,1228
CUST0012,28,Business,177040,Lucknow,iPhone,11748
CUST0013,56,Student,15607,Jaipur,iPhone,634
CUST0014,42,Freelancer,60382,Jaipur,iPhone,3356
CUST0015,32,Student,11051,Lucknow,MacBook,848
CUST0016,31,Student,28585,Lucknow,iPhone,1322
CUST0017,59,Freelancer,85142,Bengaluru,Windows,1843
CUST0018,65,Salaried,103579,Jaipur,Windows,5588
CUST0019,55,Freelancer,77350,Lucknow,iPhone,1833
CUST0020,49,Retired,25957,Delhi,Android,1126
CUST0021,68,Salaried,119192,Kolkata,Android,3952
CUST0022,56,Freelancer,86348,Jaipur,Windows,794
CUST0023,61,Student,27595,Pune,Windows,528
CUST0024,45,Business,121460,Chennai,Android,11630
CUST0025,66,Retired,31708,Jaipur,Android,1722
CUST0026,56,Retired,33035,Bengaluru,Windows,1161
CUST0027,67,Retired,54757,Delhi,Windows,2501
CUST0028,25,Student,21894,Pune,iPhone,418
CUST0029,54,Salaried,40322,Mumbai,MacBook,1366
CUST0030,67,Retired,28241,Bengaluru,MacBook,2751
CUST0031,34,Salaried,99163,Ahmedabad,MacBook,2535
CUST0032,66,Retired,67836,Hyderabad,Windows,2134
CUST0033,46,Business,215679,Chennai,Android,11123
CUST0034,22,Salaried,74313,Delhi,iPhone,5620
CUST0035,18,Salaried,39305,Delhi,iPhone,1352
CUST0036,39,Student,12321,Jaipur,iPhone,870
CUST0037,31,Freelancer,95678,Bengaluru,MacBook,2690
CUST0038,69,Freelancer,78354,Hyderabad,Android,1494
CUST0039,40,Freelancer,80519,Kolkata,MacBook,1143
CUST0040,21,Student,23193,Lucknow,Android,809
CUST0041,30,Salaried,100292,Chennai,iPhone,4256
CUST0042,35,Salaried,90637,Hyderabad,Android,4430
CUST0043,24,Retired,23315,Jaipur,Android,882
CUST0044,28,Salaried,83269,Chennai,MacBook,2551
CUST0045,21,Freelancer,46579,Kolkata,Android,3898
CUST0046,68,Business,285816,Chennai,Windows,16861
CUST0047,60,Retired,67081,Chennai,iPhone,1277
CUST0048,31,Business,95331,Ahmedabad,Android,13276
CUST0049,21,Student,29142,Chennai,iPhone,416
CUST0050,23,Retired,32178,Mumbai,Android,1463
CUST0051,25,Freelancer,99668,Hyderabad,Android,1371
CUST0052,60,Freelancer,99085,Jaipur,Windows,2836
CUST0053,60,Salaried,71180,Hyderabad,Windows,4042
CUST0054,60,Salaried,114607,Pune,MacBook,3390
CUST0055,18,Student,25017,Ahmedabad,Android,450
CUST0056,31,Retired,53153,Pune,iPhone,1929
CUST0057,33,Student,22108,Pune,iPhone,1197
CUST0058,63,Retired,39825,Ahmedabad,Android,2771
CUST0059,60,Business,107154,Bengaluru,Windows,6782
CUST0060,65,Student,28128,Bengaluru,Windows,877
CUST0061,31,Retired,67029,Lucknow,iPhone,1581
CUST0062,49,Retired,36457,Delhi,Android,2234
CUST0063,20,Business,80929,Lucknow,iPhone,11583
CUST0064,65,Salaried,87912,Jaipur,MacBook,5394
CUST0065,25,Student,12465,Bengaluru,Android,1056
CUST0066,53,Retired,29705,Kolkata,iPhone,671
CUST0067,41,Business,288698,Delhi,Windows,9883
CUST0068,60,Salaried,43473,Lucknow,MacBook,5884
CUST0069,33,Salaried,51299,Bengaluru,MacBook,1003
CUST0070,65,Salaried,73540,Kolkata,iPhone,2985
CUST0071,68,Salaried,44168,Kolkata,Android,4655
CUST0072,30,Salaried,90332,Lucknow,Windows,2664
CUST0073,19,Salaried,116511,Hyderabad,MacBook,3489
CUST0074,22,Business,282722,Pune,Windows,19692
CUST0075,61,Freelancer,95282,Lucknow,Android,1644
CUST0076,29,Business,232198,Pune,Android,6552
CUST0077,45,Retired,42654,Lucknow,MacBook,2983
CUST0078,25,Retired,45244,Ahmedabad,iPhone,1543
CUST0079,63,Student,24288,Delhi,iPhone,1045
CUST0080,22,Freelancer,68279,Ahmedabad,Windows,1720
CUST0081,50,Business,161077,Kolkata,Windows,16185
CUST0082,53,Business,113367,Hyderabad,MacBook,15423
CUST0083,57,Salaried,104593,Pune,MacBook,5288
CUST0084,37,Student,19401,Hyderabad,MacBook,1487
CUST0085,59,Retired,41118,Chennai,MacBook,2311
CUST0086,50,Salaried,92021,Bengaluru,Android,3124
CUST0087,60,Retired,61480,Ahmedabad,Windows,882
CUST0088,61,Salaried,70687,Hyderabad,iPhone,2007
CUST0089,20,Student,18023,Chennai,Android,1232
CUST0090,58,Freelancer,50485,Kolkata,MacBook,3973
CUST0091,27,Salaried,115990,Delhi,Android,4282
CUST0092,29,Salaried,97889,Chennai,Android,5366
CUST0093,25,Salaried,89829,Bengaluru,MacBook,5151
CUST0094,56,Retired,40794,Chennai,MacBook,2744
CUST0095,28,Freelancer,87216,Chennai,Windows,2725
CUST0096,67,Business,283862,Jaipur,MacBook,10839
CUST0097,46,Business,100311,Pune,iPhone,11903
CUST0098,38,Business,221597,Mumbai,iPhone,7942
CUST0099,42,Salaried,50028,Hyderabad,Android,4198
CUST0100,39,Freelancer,96121,Chennai,MacBook,1210
CUST0101,44,Salaried,81049,Ahmedabad,Android,5516
CUST0102,48,Freelancer,25772,Lucknow,Windows,3894
CUST0103,52,Freelancer,96582,Ahmedabad,iPhone,4699
CUST0104,35,Salaried,87125,Chennai,Android,3985
CUST0105,60,Business,258032,Kolkata,iPhone,18315
CUST0106,57,Salaried,100008,Delhi,MacBook,5648
CUST0107,60,Retired,21776,Mumbai,MacBook,1055
CUST0108,29,Freelancer,31590,Pune,MacBook,3381
CUST0109,47,Salaried,72840,Lucknow,MacBook,3079
CUST0110,34,Freelancer,35735,Chennai,Android,1126
CUST0111,32,Business,250431,Mumbai,Android,4016
CUST0112,30,Salaried,32671,Ahmedabad,iPhone,2754
CUST0113,48,Salaried,117747,Mumbai,iPhone,4609
CUST0114,67,Business,176703,Bengaluru,Android,8366
CUST0115,24,Business,231698,Delhi,Windows,15298
CUST0116,63,Freelancer,50995,Mumbai,iPhone,1534
CUST0117,61,Business,237394,Mumbai,Android,14377
CUST0118,45,Retired,63353,Lucknow,Android,2572
CUST0119,18,Business,190115,Chennai,Android,17205
CUST0120,58,Business,297240,Chennai,iPhone,17270
CUST0121,64,Salaried,98386,Pune,MacBook,4608
CUST0122,70,Freelancer,60179,Lucknow,iPhone,1409
CUST0123,46,Business,143927,Chennai,MacBook,14023
CUST0124,49,Student,20650,Bengaluru,MacBook,734
CUST0125,69,Business,147725,Lucknow,Windows,12052
CUST0126,18,Retired,53857,Hyderabad,Android,1488
CUST0127,49,Freelancer,97768,Hyderabad,MacBook,4720
CUST0128,68,Freelancer,27260,Mumbai,Windows,2515
CUST0129,62,Freelancer,56890,Pune,Windows,4576
CUST0130,51,Retired,42528,Kolkata,Windows,1941
CUST0131,35,Freelancer,65189,Pune,iPhone,1688
CUST0132,38,Salaried,45670,Jaipur,iPhone,2369
CUST0133,65,Salaried,93464,Pune,Windows,1623
CUST0134,36,Salaried,59816,Lucknow,iPhone,3276
CUST0135,63,Student,27502,Bengaluru,Windows,393
CUST0136,53,Student,19572,Bengaluru,MacBook,510
CUST0137,54,Student,19317,Chennai,MacBook,1202
CUST0138,29,Business,93468,Pune,MacBook,6738
CUST0139,43,Student,26113,Mumbai,Android,610
CUST0140,69,Salaried,103772,Pune,Android,2833
CUST0141,53,Student,23637,Ahmedabad,iPhone,1370
CUST0142,46,Freelancer,83028,Pune,MacBook,3201
CUST0143,57,Retired,23947,Ahmedabad,Android,1351
CUST0144,34,Salaried,116563,Mumbai,iPhone,2764
CUST0145,53,Salaried,39838,Bengaluru,Android,4146
CUST0146,62,Freelancer,86592,Pune,Android,2596
CUST0147,63,Business,154112,Chennai,Android,10648
CUST0148,68,Business,287420,Ahmedabad,iPhone,16930
CUST0149,52,Student,17366,Bengaluru,Windows,591
CUST0150,21,Student,15436,Pune,Windows,1199
CUST0151,47,Student,19964,Kolkata,Windows,1324
CUST0152,49,Retired,48688,Mumbai,Android,2269
CUST0153,56,Business,145632,Delhi,Android,10501
CUST0154,55,Retired,21359,Pune,Android,1217
CUST0155,51,Freelancer,82963,Pune,iPhone,4270
CUST0156,23,Freelancer,86605,Lucknow,MacBook,3430
CUST0157,60,Business,107420,Bengaluru,Windows,16488
CUST0158,36,Freelancer,77488,Jaipur,Android,4425
CUST0159,38,Student,18270,Lucknow,Android,1127
CUST0160,70,Retired,20075,Jaipur,MacBook,2192
CUST0161,30,Student,26988,Lucknow,MacBook,1205
CUST0162,31,Student,18750,Jaipur,iPhone,889
CUST0163,62,Freelancer,88532,Mumbai,Android,2660
CUST0164,37,Salaried,102199,Delhi,MacBook,1563
CUST0165,25,Salaried,90482,Mumbai,iPhone,4882
CUST0166,50,Business,264919,Pune,MacBook,18810
CUST0167,33,Freelancer,84871,Jaipur,iPhone,3842
CUST0168,56,Salaried,96616,Bengaluru,Android,3063
CUST0169,39,Freelancer,91550,Pune,Android,3017
CUST0170,55,Business,232023,Chennai,iPhone,17632
CUST0171,48,Retired,42618,Lucknow,MacBook,2365
CUST0172,30,Business,262845,Hyderabad,MacBook,10653
CUST0173,20,Freelancer,66704,Chennai,MacBook,3862
CUST0174,49,Salaried,34852,Bengaluru,Windows,1622
CUST0175,24,Freelancer,93937,Chennai,Android,1880
CUST0176,59,Freelancer,45232,Mumbai,MacBook,2871
CUST0177,57,Business,261588,Kolkata,Android,13766
CUST0178,42,Retired,40752,Chennai,Android,780
CUST0179,58,Salaried,119705,Pune,iPhone,1540
CUST0180,24,Freelancer,38173,Chennai,iPhone,3153
CUST0181,20,Student,20629,Delhi,Windows,1034
CUST0182,45,Business,118160,Hyderabad,MacBook,8900
CUST0183,29,Salaried,40350,Ahmedabad,MacBook,5876
CUST0184,49,Salaried,106435,Bengaluru,iPhone,4577
CUST0185,47,Business,146932,Delhi,MacBook,12425
CUST0186,28,Retired,24840,Chennai,Windows,2906
CUST0187,58,Business,191230,Pune,MacBook,12899
CUST0188,42,Salaried,93335,Mumbai,iPhone,3924
CUST0189,40,Retired,57670,Pune,Windows,589
CUST0190,35,Freelancer,26061,Ahmedabad,Android,4769
CUST0191,67,Business,289416,Hyderabad,Windows,10176
CUST0192,57,Salaried,62850,Bengaluru,Android,5940
CUST0193,37,Student,24444,Delhi,Windows,569
CUST0194,36,Student,20705,Kolkata,iPhone,711
CUST0195,68,Salaried,100701,Lucknow,Windows,2147
CUST0196,70,Business,206313,Pune,Windows,6773
CUST0197,22,Freelancer,43449,Hyderabad,MacBook,3696
CUST0198,68,Student,22929,Delhi,Windows,1398
CUST0199,47,Student,22077,Pune,MacBook,1060
CUST0200,61,Student,17661,Chennai,Android,1449
CUST0201,57,Business,138030,Mumbai,MacBook,12902
CUST0202,25,Freelancer,43320,Delhi,Android,3193
CUST0203,25,Freelancer,37739,Hyderabad,iPhone,3883
CUST0204,41,Freelancer,95804,Kolkata,iPhone,4098
CUST0205,49,Student,23373,Pune,Android,1058
CUST0206,46,Salaried,88287,Hyderabad,Windows,1613
CUST0207,52,Business,249037,Lucknow,Android,16046
CUST0208,30,Business,112023,Chennai,Android,9950
CUST0209,19,Retired,23314,Lucknow,iPhone,1015
CUST0210,31,Retired,24496,Jaipur,iPhone,2901
CUST0211,70,Salaried,60539,Lucknow,iPhone,5682
CUST0212,35,Student,14741,Bengaluru,Windows,657
CUST0213,60,Student,10844,Bengaluru,Android,1033
CUST0214,55,Salaried,72437,Delhi,iPhone,2973
CUST0215,26,Student,23794,Jaipur,Android,430
CUST0216,46,Freelancer,72453,Jaipur,Android,4402
CUST0217,32,Retired,60311,Delhi,Windows,2376
CUST0218,21,Student,25695,Kolkata,MacBook,521
CUST0219,63,Freelancer,83138,Mumbai,Android,3338
CUST0220,27,Retired,24304,Bengaluru,Windows,2897
CUST0221,63,Retired,41311,Kolkata,Windows,2358
CUST0222,56,Retired,48193,Mumbai,Android,2758
CUST0223,45,Salaried,89186,Hyderabad,MacBook,3576
CUST0224,43,Freelancer,79524,Mumbai,Windows,4196
CUST0225,60,Business,146817,Lucknow,iPhone,18540
CUST0226,23,Student,12797,Mumbai,MacBook,497
CUST0227,69,Business,114108,Jaipur,Android,13801
CUST0228,44,Student,21586,Kolkata,Android,889
CUST0229,37,Retired,43045,Mumbai,iPhone,1133
CUST0230,32,Freelancer,39184,Lucknow,Windows,1641
CUST0231,54,Business,139286,Kolkata,Android,11763
CUST0232,29,Student,18954,Pune,Windows,1018
CUST0233,29,Student,14694,Ahmedabad,MacBook,442
CUST0234,65,Salaried,112991,Delhi,Android,5145
CUST0235,42,Salaried,85028,Chennai,Windows,2089
CUST0236,37,Business,269162,Lucknow,Android,4723
CUST0237,28,Salaried,110981,Delhi,Android,3029
CUST0238,60,Freelancer,80576,Chennai,MacBook,4092
CUST0239,31,Business,277903,Jaipur,Android,14310
CUST0240,25,Freelancer,62125,Ahmedabad,MacBook,3226
CUST0241,32,Student,22951,Ahmedabad,Android,315
CUST0242,37,Salaried,57686,Bengaluru,Windows,3171
CUST0243,25,Business,82026,Chennai,MacBook,8757
CUST0244,42,Salaried,99806,Hyderabad,Windows,1390
CUST0245,65,Freelancer,30544,Kolkata,Android,4466
CUST0246,38,Student,28866,Kolkata,MacBook,1155
CUST0247,25,Business,186176,Delhi,Windows,8631
CUST0248,47,Retired,65194,Lucknow,Android,2288
CUST0249,33,Student,24276,Ahmedabad,MacBook,1373
CUST0250,43,Student,20167,Lucknow,iPhone,982
CUST0251,22,Salaried,96910,Mumbai,iPhone,3662
CUST0252,64,Business,294682,Bengaluru,iPhone,6368
CUST0253,34,Salaried,55856,Bengaluru,iPhone,1417
CUST0254,67,Salaried,112306,Chennai,MacBook,5418
CUST0255,46,Retired,64638,Ahmedabad,Windows,1794
CUST0256,46,Salaried,38950,Chennai,MacBook,5972
CUST0257,68,Business,152004,Ahmedabad,Android,14532
CUST0258,22,Retired,40342,Chennai,MacBook,654
CUST0259,41,Student,19406,Mumbai,Android,1338
CUST0260,47,Freelancer,97655,Delhi,MacBook,2242
CUST0261,56,Business,204683,Jaipur,iPhone,5027
CUST0262,24,Freelancer,70015,Mumbai,iPhone,1020
CUST0263,63,Salaried,87377,Chennai,iPhone,3781
CUST0264,36,Business,181558,Kolkata,Windows,4715
CUST0265,22,Business,166426,Mumbai,MacBook,12310
CUST0266,64,Business,252114,Ahmedabad,iPhone,13923
CUST0267,55,Student,14634,Lucknow,Windows,1102
CUST0268,56,Salaried,41104,Pune,MacBook,3490
CUST0269,60,Salaried,119838,Jaipur,Android,4268
CUST0270,41,Retired,21194,Lucknow,Windows,1238
CUST0271,39,Salaried,93736,Hyderabad,iPhone,1926
CUST0272,22,Salaried,68770,Mumbai,Android,3558
CUST0273,26,Retired,59141,Kolkata,iPhone,1164
CUST0274,62,Salaried,111885,Bengaluru,MacBook,1157
CUST0275,41,Freelancer,56133,Chennai,Windows,4377
CUST0276,52,Salaried,61348,Pune,MacBook,2389
CUST0277,61,Business,229532,Chennai,MacBook,12233
CUST0278,50,Freelancer,94135,Kolkata,iPhone,2335
CUST0279,26,Retired,36384,Delhi,MacBook,2020
CUST0280,24,Retired,66622,Jaipur,Android,1667
CUST0281,66,Student,15253,Pune,MacBook,1351
CUST0282,45,Salaried,42021,Hyderabad,MacBook,3663
CUST0283,44,Student,11745,Kolkata,Windows,782
CUST0284,23,Freelancer,74140,Hyderabad,Android,3310
CUST0285,63,Student,20986,Bengaluru,iPhone,378
CUST0286,48,Business,262471,Bengaluru,MacBook,17699
CUST0287,18,Retired,25192,Delhi,Windows,1383
CUST0288,53,Salaried,109807,Jaipur,MacBook,1710
CUST0289,33,Business,158944,Mumbai,Android,10813
CUST0290,58,Freelancer,84914,Mumbai,Android,4794
CUST0291,52,Retired,21077,Jaipur,iPhone,1088
CUST0292,45,Business,80410,Ahmedabad,Windows,10882
CUST0293,44,Retired,32275,Mumbai,Windows,777
CUST0294,52,Retired,53248,Jaipur,Android,2099
CUST0295,20,Freelancer,75709,Lucknow,Windows,833
CUST0296,68,Business,97710,Lucknow,iPhone,6396
CUST0297,65,Retired,69589,Lucknow,iPhone,681
CUST0298,52,Business,168748,Bengaluru,MacBook,18680
CUST0299,69,Salaried,47675,Mumbai,MacBook,1102
CUST0300,30,Business,91483,Hyderabad,Android,13341
CUST0301,50,Business,184392,Jaipur,MacBook,11300
CUST0302,66,Student,16262,Pune,Windows,397
CUST0303,35,Business,112630,Lucknow,MacBook,16107
CUST0304,42,Freelancer,69438,Bengaluru,MacBook,4775
CUST0305,69,Business,216125,Pune,Android,16910
CUST0306,45,Student,29741,Bengaluru,Windows,957
CUST0307,23,Student,20745,Pune,Windows,1213
CUST0308,63,Retired,47925,Bengaluru,MacBook,1939
CUST0309,20,Freelancer,71210,Ahmedabad,MacBook,2949
CUST0310,22,Student,23310,Lucknow,iPhone,363
CUST0311,56,Salaried,118878,Chennai,Android,1834
CUST0312,33,Student,22003,Lucknow,MacBook,1461
CUST0313,56,Student,15027,Chennai,Windows,1061
CUST0314,66,Freelancer,35077,Ahmedabad,iPhone,3706
CUST0315,38,Freelancer,61528,Hyderabad,Android,912
CUST0316,49,Salaried,97861,Kolkata,Android,2944
CUST0317,63,Business,196987,Hyderabad,Windows,19095
CUST0318,25,Salaried,47790,Mumbai,MacBook,2214
CUST0319,23,Freelancer,66889,Lucknow,Android,3078
CUST0320,28,Business,266596,Bengaluru,Windows,19670
CUST0321,25,Salaried,56342,Bengaluru,iPhone,4847
CUST0322,41,Student,28154,Ahmedabad,Windows,1257
CUST0323,26,Retired,60104,Mumbai,Android,1766
CUST0324,63,Freelancer,87739,Jaipur,MacBook,4054
CUST0325,22,Retired,28213,Lucknow,Android,2343
CUST0326,61,Freelancer,92811,Lucknow,iPhone,2190
CUST0327,45,Salaried,95911,Delhi,Android,5044
CUST0328,37,Salaried,51581,Bengaluru,Windows,2647
CUST0329,51,Business,154461,Mumbai,Windows,9432
CUST0330,35,Retired,28203,Pune,Android,2558
CUST0331,55,Salaried,106106,Bengaluru,iPhone,5915
CUST0332,39,Retired,56937,Delhi,Android,832
CUST0333,59,Student,28899,Pune,iPhone,1471
CUST0334,57,Freelancer,28969,Chennai,Windows,3174
CUST0335,33,Freelancer,78227,Pune,MacBook,1297
CUST0336,28,Student,24404,Kolkata,MacBook,1251
CUST0337,39,Salaried,109516,Bengaluru,Windows,3415
CUST0338,43,Business,114279,Lucknow,Android,13456
CUST0339,47,Salaried,46059,Pune,MacBook,2830
CUST0340,24,Salaried,36632,Pune,MacBook,5841
CUST0341,33,Freelancer,45932,Lucknow,Windows,2255
CUST0342,49,Salaried,97466,Chennai,MacBook,3327
CUST0343,19,Freelancer,36802,Kolkata,MacBook,2672
CUST0344,55,Salaried,76254,Delhi,Android,3104
CUST0345,56,Freelancer,86680,Pune,Android,1580
CUST0346,26,Freelancer,59664,Lucknow,MacBook,3697
CUST0347,43,Student,11676,Ahmedabad,iPhone,1042
CUST0348,36,Retired,24818,Kolkata,MacBook,2752
CUST0349,70,Business,243379,Ahmedabad,Android,7216
CUST0350,43,Student,22228,Lucknow,Windows,595
CUST0351,56,Salaried,96731,Kolkata,Android,1171
CUST0352,26,Student,20913,Chennai,MacBook,605
CUST0353,50,Retired,29160,Lucknow,Windows,1165
CUST0354,57,Freelancer,64221,Ahmedabad,Windows,4855
CUST0355,52,Retired,52102,Ahmedabad,Windows,2445
CUST0356,41,Student,20854,Mumbai,MacBook,1495
CUST0357,68,Business,270139,Delhi,MacBook,11700
CUST0358,54,Retired,34912,Delhi,MacBook,1198
CUST0359,58,Retired,67263,Ahmedabad,MacBook,1105
CUST0360,20,Salaried,105047,Mumbai,iPhone,955
CUST0361,38,Freelancer,79890,Bengaluru,MacBook,2370
CUST0362,50,Freelancer,86814,Delhi,iPhone,4949
CUST0363,53,Salaried,72604,Chennai,MacBook,3370
CUST0364,47,Salaried,99878,Lucknow,Windows,2965
CUST0365,48,Retired,32600,Hyderabad,Windows,2785
CUST0366,32,Business,158017,Pune,iPhone,19023
CUST0367,48,Business,171436,Jaipur,Windows,12430
CUST0368,54,Student,27799,Kolkata,MacBook,1006
CUST0369,36,Salaried,35513,Pune,Android,3637
CUST0370,59,Freelancer,58612,Chennai,iPhone,2355
CUST0371,35,Retired,56832,Pune,iPhone,947
CUST0372,65,Retired,58458,Hyderabad,iPhone,707
CUST0373,32,Retired,61808,Hyderabad,Android,910
CUST0374,39,Freelancer,86918,Mumbai,iPhone,742
CUST0375,28,Retired,46667,Chennai,MacBook,1316
CUST0376,38,Business,154819,Delhi,Android,10609
CUST0377,65,Retired,67390,Delhi,iPhone,2211
CUST0378,20,Salaried,82034,Chennai,iPhone,3171
CUST0379,18,Student,19777,Ahmedabad,Android,986
CUST0380,47,Business,248116,Jaipur,MacBook,7397
CUST0381,47,Retired,37880,Hyderabad,Android,1854
CUST0382,64,Salaried,90150,Pune,iPhone,915
CUST0383,68,Business,157338,Ahmedabad,iPhone,8750
CUST0384,58,Retired,46574,Kolkata,Windows,855
CUST0385,60,Freelancer,37502,Bengaluru,iPhone,4611
CUST0386,33,Business,81790,Pune,MacBook,10717
CUST0387,66,Freelancer,59995,Lucknow,Windows,793
CUST0388,59,Business,174254,Hyderabad,Android,6873
CUST0389,37,Freelancer,45934,Kolkata,Windows,1661
CUST0390,41,Business,241120,Hyderabad,iPhone,7376
CUST0391,27,Freelancer,84634,Ahmedabad,Windows,4106
CUST0392,48,Retired,69633,Jaipur,iPhone,1513
CUST0393,68,Retired,25365,Jaipur,MacBook,2663
CUST0394,22,Business,227893,Mumbai,Android,19563
CUST0395,54,Salaried,100341,Bengaluru,iPhone,3487
CUST0396,46,Retired,27617,Hyderabad,MacBook,872
CUST0397,46,Retired,23646,Chennai,iPhone,2602
CUST0398,47,Freelancer,98912,Delhi,MacBook,3224
CUST0399,43,Student,18338,Delhi,iPhone,1484
CUST0400,20,Student,23883,Lucknow,Android,1408
CUST0401,22,Student,25468,Delhi,Windows,1137
CUST0402,67,Salaried,47750,Kolkata,Windows,3933
CUST0403,42,Freelancer,74236,Mumbai,iPhone,3548
CUST0404,29,Student,27604,Kolkata,iPhone,756
CUST0405,66,Student,10744,Pune,MacBook,1415
CUST0406,52,Freelancer,74712,Hyderabad,iPhone,4473
CUST0407,27,Business,152259,Hyderabad,Android,4055
CUST0408,57,Freelancer,27050,Hyderabad,iPhone,1251
CUST0409,56,Student,11100,Chennai,Android,801
CUST0410,43,Student,24383,Hyderabad,iPhone,415
CUST0411,50,Salaried,67914,Hyderabad,Windows,5530
CUST0412,67,Retired,64075,Lucknow,iPhone,1736
CUST0413,60,Salaried,98321,Hyderabad,MacBook,3261
CUST0414,21,Business,225940,Ahmedabad,iPhone,16998
CUST0415,49,Retired,23072,Lucknow,MacBook,2648
CUST0416,62,Business,189137,Kolkata,iPhone,12826
CUST0417,29,Freelancer,95507,Chennai,iPhone,2546
CUST0418,63,Business,117840,Chennai,Android,16522
CUST0419,53,Freelancer,94467,Bengaluru,MacBook,2689
CUST0420,31,Business,166576,Mumbai,MacBook,15159
CUST0421,52,Student,16241,Delhi,Windows,1072
CUST0422,56,Retired,22591,Mumbai,iPhone,2906
CUST0423,31,Retired,51417,Hyderabad,Windows,1741
CUST0424,31,Student,16226,Mumbai,MacBook,796
CUST0425,63,Retired,33402,Kolkata,iPhone,2761
CUST0426,67,Business,154202,Kolkata,MacBook,14772
CUST0427,34,Business,174278,Jaipur,MacBook,18270
CUST0428,69,Student,25384,Lucknow,iPhone,1059
CUST0429,44,Business,91984,Ahmedabad,iPhone,7781
CUST0430,34,Student,28130,Ahmedabad,MacBook,904
CUST0431,30,Salaried,73236,Hyderabad,MacBook,5467
CUST0432,49,Salaried,102173,Lucknow,Windows,4802
CUST0433,47,Freelancer,47050,Lucknow,iPhone,1846
CUST0434,49,Retired,32061,Jaipur,Android,2646
CUST0435,22,Student,11589,Delhi,MacBook,581
CUST0436,22,Salaried,49795,Delhi,iPhone,4942
CUST0437,41,Freelancer,32923,Ahmedabad,MacBook,4696
CUST0438,18,Student,27439,Jaipur,MacBook,324
CUST0439,51,Student,19002,Jaipur,Windows,335
CUST0440,70,Retired,65734,Kolkata,iPhone,938
CUST0441,51,Student,14879,Hyderabad,iPhone,1378
CUST0442,70,Business,172914,Pune,MacBook,5589
CUST0443,43,Business,200323,Ahmedabad,iPhone,10400
CUST0444,61,Business,297071,Mumbai,Android,6063
CUST0445,42,Freelancer,74436,Jaipur,MacBook,1159
CUST0446,62,Student,15615,Mumbai,MacBook,1188
CUST0447,54,Business,104998,Jaipur,Android,10528
CUST0448,62,Salaried,104289,Chennai,Windows,1181
CUST0449,61,Student,19187,Jaipur,Android,667
CUST0450,19,Business,134305,Ahmedabad,iPhone,16051
CUST0451,37,Student,15323,Ahmedabad,iPhone,1460
CUST0452,61,Freelancer,95852,Lucknow,MacBook,1846
CUST0453,50,Student,21333,Delhi,Android,1195
CUST0454,22,Salaried,74642,Ahmedabad,MacBook,3473
CUST0455,58,Student,18956,Chennai,MacBook,767
CUST0456,53,Business,178415,Kolkata,iPhone,15454
CUST0457,67,Student,19678,Hyderabad,Android,468
CUST0458,27,Business,179614,Bengaluru,MacBook,13376
CUST0459,24,Business,103991,Delhi,Windows,17573
CUST0460,66,Business,150717,Mumbai,iPhone,5860
CUST0461,45,Salaried,88830,Jaipur,MacBook,1646
CUST0462,23,Student,21597,Jaipur,Android,964
CUST0463,18,Freelancer,63253,Kolkata,MacBook,1393
CUST0464,33,Retired,57483,Jaipur,iPhone,2059
CUST0465,26,Salaried,65247,Pune,Windows,4839
CUST0466,22,Salaried,51916,Kolkata,Windows,4249
CUST0467,48,Business,285171,Mumbai,Windows,11247
CUST0468,64,Salaried,111924,Chennai,iPhone,4550
CUST0469,26,Student,19983,Delhi,MacBook,980
CUST0470,42,Retired,41596,Chennai,Windows,2263
CUST0471,26,Retired,39689,Lucknow,iPhone,2462
CUST0472,29,Business,184396,Lucknow,Windows,19089
CUST0473,68,Retired,35887,Lucknow,MacBook,1648
CUST0474,41,Freelancer,39927,Ahmedabad,iPhone,2173
CUST0475,19,Retired,67658,Chennai,iPhone,2295
CUST0476,62,Business,98129,Kolkata,MacBook,7560
CUST0477,33,Business,146238,Bengaluru,MacBook,15353
CUST0478,46,Student,29593,Chennai,MacBook,1394
CUST0479,62,Retired,47413,Jaipur,Android,1972
CUST0480,56,Retired,61823,Mumbai,Android,1516
CUST0481,28,Business,249607,Ahmedabad,Android,16094
CUST0482,68,Business,192841,Mumbai,Android,6231
CUST0483,32,Business,213870,Jaipur,iPhone,17607
CUST0484,43,Business,201389,Ahmedabad,iPhone,14303
CUST0485,48,Student,13425,Pune,MacBook,475
CUST0486,64,Student,14642,Lucknow,Windows,1002
CUST0487,68,Freelancer,52114,Jaipur,MacBook,3553
CUST0488,24,Freelancer,82431,Chennai,Windows,1250
CUST0489,20,Business,292385,Mumbai,Android,14241
CUST0490,61,Student,15385,Hyderabad,iPhone,1430
CUST0491,39,Salaried,103380,Kolkata,MacBook,2699
CUST0492,58,Freelancer,49176,Bengaluru,MacBook,3940
CUST0493,65,Student,16465,Chennai,MacBook,1096
CUST0494,63,Student,17038,Hyderabad,Windows,428
CUST0495,24,Retired,55185,Bengaluru,Windows,1835
CUST0496,47,Salaried,44936,Pune,MacBook,5123
CUST0497,56,Business,181879,Ahmedabad,MacBook,6743
CUST0498,40,Business,200025,Ahmedabad,iPhone,12746
CUST0499,55,Retired,25554,Bengaluru,Windows,982
CUST0500,37,Salaried,45328,Bengaluru,Windows,1958
CUST0501,42,Retired,47409,Ahmedabad,iPhone,2854
CUST0502,45,Freelancer,49347,Chennai,iPhone,2066
CUST0503,36,Freelancer,43388,Bengaluru,Windows,4394
CUST0504,21,Retired,43529,Delhi,MacBook,1059
CUST0505,70,Salaried,80324,Jaipur,MacBook,4151
CUST0506,44,Freelancer,83176,Chennai,iPhone,1377
CUST0507,19,Retired,69876,Hyderabad,Windows,633
CUST0508,32,Business,220930,Pune,iPhone,17985
CUST0509,65,Retired,52460,Jaipur,Android,2845
CUST0510,35,Student,27796,Lucknow,Android,1203
CUST0511,31,Retired,47862,Mumbai,iPhone,1719
CUST0512,46,Student,18611,Lucknow,Android,1199
CUST0513,67,Student,17764,Hyderabad,Windows,1176
CUST0514,57,Salaried,48249,Hyderabad,iPhone,1286
CUST0515,40,Retired,54883,Pune,iPhone,1825
CUST0516,36,Business,230139,Pune,Android,7442
CUST0517,21,Freelancer,61349,Bengaluru,iPhone,2745
CUST0518,63,Salaried,72217,Hyderabad,MacBook,4809
CUST0519,54,Salaried,112890,Pune,MacBook,3873
CUST0520,22,Freelancer,37202,Kolkata,Windows,3723
CUST0521,49,Freelancer,67898,Ahmedabad,Android,1463
CUST0522,58,Freelancer,71952,Mumbai,MacBook,2484
CUST0523,70,Freelancer,52767,Chennai,Windows,3344
CUST0524,39,Business,223474,Ahmedabad,iPhone,18903
CUST0525,61,Business,279820,Delhi,Android,6262
CUST0526,19,Freelancer,41284,Bengaluru,MacBook,4439
CUST0527,45,Student,16629,Bengaluru,Windows,625
CUST0528,23,Business,251596,Lucknow,Windows,5700
CUST0529,60,Business,250108,Bengaluru,Android,15987
CUST0530,64,Business,263354,Hyderabad,MacBook,5988
CUST0531,18,Student,16993,Chennai,Android,571
CUST0532,32,Retired,54042,Chennai,Android,533
CUST0533,70,Business,111612,Kolkata,iPhone,18653
CUST0534,32,Student,22552,Mumbai,Android,511
CUST0535,41,Business,158447,Bengaluru,MacBook,7362
CUST0536,22,Salaried,99534,Ahmedabad,Android,5799
CUST0537,46,Salaried,76030,Hyderabad,iPhone,4172
CUST0538,61,Retired,48992,Hyderabad,Android,911
CUST0539,66,Salaried,46142,Ahmedabad,MacBook,3679
CUST0540,38,Freelancer,43327,Hyderabad,Windows,1390
CUST0541,53,Salaried,108774,Ahmedabad,Windows,1019
CUST0542,31,Business,215724,Ahmedabad,iPhone,15836
CUST0543,59,Business,94304,Hyderabad,MacBook,15644
CUST0544,33,Student,26370,Ahmedabad,Android,1381
CUST0545,41,Student,20370,Bengaluru,MacBook,1464
CUST0546,41,Freelancer,96612,Bengaluru,MacBook,1297
CUST0547,55,Student,12212,Delhi,Windows,741
CUST0548,21,Student,23040,Jaipur,Windows,1326
CUST0549,45,Freelancer,77727,Mumbai,iPhone,2973
CUST0550,37,Student,12589,Jaipur,iPhone,618
CUST0551,38,Retired,45606,Ahmedabad,Android,1770
CUST0552,64,Freelancer,56278,Delhi,iPhone,1406
CUST0553,25,Freelancer,84424,Ahmedabad,Android,3233
CUST0554,25,Salaried,31660,Bengaluru,Android,2142
CUST0555,40,Freelancer,93551,Jaipur,Windows,2067
CUST0556,26,Business,276549,Pune,Android,3961
CUST0557,69,Business,192544,Pune,Android,11616
CUST0558,58,Retired,25050,Chennai,MacBook,2592
CUST0559,21,Business,210969,Ahmedabad,iPhone,15048
CUST0560,34,Salaried,43487,Ahmedabad,Android,2671
CUST0561,18,Retired,22886,Delhi,iPhone,688
CUST0562,41,Freelancer,75197,Bengaluru,iPhone,989
CUST0563,69,Retired,66794,Kolkata,iPhone,1818
CUST0564,44,Salaried,71934,Pune,Android,5482
CUST0565,25,Business,211607,Delhi,iPhone,10313
CUST0566,20,Retired,46275,Mumbai,MacBook,1656
CUST0567,38,Business,102645,Jaipur,MacBook,3261
CUST0568,30,Business,156439,Ahmedabad,Windows,10948
CUST0569,41,Freelancer,89665,Hyderabad,iPhone,1933
CUST0570,44,Student,10783,Hyderabad,Windows,319
CUST0571,18,Business,278948,Kolkata,Windows,6406
CUST0572,51,Salaried,61217,Kolkata,MacBook,1290
CUST0573,63,Salaried,66677,Mumbai,Android,2696
CUST0574,44,Retired,65930,Lucknow,MacBook,847
CUST0575,24,Retired,53123,Bengaluru,MacBook,806
CUST0576,54,Retired,24081,Kolkata,iPhone,1469
CUST0577,34,Business,162577,Kolkata,Windows,13422
CUST0578,35,Freelancer,55619,Mumbai,iPhone,1815
CUST0579,24,Retired,30184,Mumbai,iPhone,2341
CUST0580,38,Freelancer,78282,Mumbai,Windows,2400
CUST0581,37,Freelancer,85731,Pune,Android,1440
CUST0582,69,Salaried,119922,Pune,Android,2561
CUST0583,27,Business,103910,Hyderabad,Windows,15984
CUST0584,21,Retired,64379,Pune,Windows,1212
CUST0585,43,Student,24817,Jaipur,iPhone,493
CUST0586,24,Freelancer,43322,Mumbai,Android,1205
CUST0587,26,Salaried,55969,Kolkata,Windows,5963
CUST0588,55,Student,29205,Pune,Android,344
CUST0589,30,Student,24530,Bengaluru,Android,979
CUST0590,20,Student,25105,Delhi,iPhone,1475
CUST0591,70,Freelancer,76773,Chennai,Android,3835
CUST0592,29,Freelancer,71392,Hyderabad,iPhone,2952
CUST0593,46,Business,118962,Delhi,iPhone,12670
CUST0594,44,Freelancer,97179,Chennai,Android,1418
CUST0595,42,Business,115975,Kolkata,iPhone,11164
CUST0596,68,Retired,21279,Kolkata,Windows,2464
CUST0597,68,Retired,51763,Lucknow,Windows,2090
CUST0598,29,Business,86832,Lucknow,iPhone,3960
CUST0599,21,Business,291983,Chennai,Windows,10627
CUST0600,24,Salaried,62487,Hyderabad,Windows,5171
CUST0601,66,Student,17189,Ahmedabad,MacBook,1026
CUST0602,29,Salaried,61005,Ahmedabad,Windows,3739
CUST0603,19,Retired,66101,Lucknow,iPhone,2806
CUST0604,69,Salaried,94517,Jaipur,Windows,2238
CUST0605,20,Freelancer,36830,Delhi,iPhone,2492
CUST0606,51,Student,25662,Delhi,Windows,712
CUST0607,39,Salaried,53260,Lucknow,Android,979
CUST0608,55,Salaried,48566,Mumbai,Windows,1394
CUST0609,63,Business,253575,Kolkata,Android,14028
CUST0610,38,Business,115769,Bengaluru,MacBook,18964
CUST0611,29,Business,265383,Jaipur,Windows,10315
CUST0612,70,Retired,31491,Kolkata,Windows,1706
CUST0613,29,Salaried,30235,Ahmedabad,MacBook,5448
CUST0614,29,Student,29739,Lucknow,iPhone,1458
CUST0615,49,Student,14608,Lucknow,Android,787
CUST0616,38,Business,124010,Mumbai,Windows,17635
CUST0617,34,Student,16870,Hyderabad,Android,1017
CUST0618,68,Business,108320,Delhi,Android,15646
CUST0619,64,Freelancer,80004,Bengaluru,MacBook,4739
CUST0620,40,Freelancer,96568,Kolkata,Android,4627
CUST0621,59,Retired,69692,Hyderabad,iPhone,2348
CUST0622,69,Student,11094,Pune,Android,952
CUST0623,24,Business,99451,Lucknow,iPhone,15303
CUST0624,64,Salaried,39830,Jaipur,Android,3568
CUST0625,57,Retired,51636,Delhi,MacBook,1175
CUST0626,45,Retired,30295,Delhi,Android,1856
CUST0627,30,Salaried,83645,Jaipur,Windows,3106
CUST0628,33,Business,105143,Delhi,MacBook,19087
CUST0629,21,Salaried,77294,Delhi,MacBook,1517
CUST0630,70,Business,253544,Ahmedabad,MacBook,9542
CUST0631,19,Student,16781,Bengaluru,Windows,467
CUST0632,25,Freelancer,65416,Kolkata,MacBook,4706
CUST0633,23,Business,248261,Jaipur,MacBook,9058
CUST0634,42,Business,176836,Bengaluru,MacBook,4462
CUST0635,46,Business,201912,Pune,iPhone,11800
CUST0636,21,Retired,29904,Mumbai,Android,1908
CUST0637,44,Retired,69575,Ahmedabad,iPhone,2767
CUST0638,42,Student,27123,Kolkata,MacBook,1472
CUST0639,48,Salaried,69171,Mumbai,MacBook,1084
CUST0640,54,Retired,53870,Ahmedabad,iPhone,992
CUST0641,29,Freelancer,46910,Hyderabad,iPhone,1733
CUST0642,45,Student,12567,Kolkata,iPhone,602
CUST0643,34,Retired,40955,Mumbai,Android,2089
CUST0644,43,Retired,56179,Lucknow,Windows,2628
CUST0645,18,Freelancer,93493,Kolkata,Android,4095
CUST0646,27,Salaried,104264,Ahmedabad,Android,1665
CUST0647,67,Retired,26618,Pune,Windows,2183
CUST0648,42,Business,251648,Chennai,MacBook,4227
CUST0649,35,Salaried,82818,Bengaluru,MacBook,1117
CUST0650,39,Freelancer,56139,Delhi,MacBook,2900
CUST0651,19,Business,168569,Pune,Windows,12186
CUST0652,62,Freelancer,37873,Hyderabad,iPhone,3161
CUST0653,67,Freelancer,67056,Pune,MacBook,1431
CUST0654,46,Salaried,57707,Kolkata,MacBook,5031
CUST0655,70,Business,94734,Jaipur,iPhone,5150
CUST0656,63,Business,212853,Kolkata,iPhone,3948
CUST0657,30,Salaried,56309,Delhi,iPhone,1070
CUST0658,21,Freelancer,72235,Hyderabad,Windows,3717
CUST0659,50,Freelancer,77028,Mumbai,Android,2681
CUST0660,49,Business,235724,Chennai,iPhone,18551
CUST0661,53,Retired,42921,Lucknow,iPhone,1559
CUST0662,36,Student,10899,Kolkata,Android,633
CUST0663,67,Retired,34045,Hyderabad,iPhone,1346
CUST0664,59,Business,187349,Jaipur,Android,3291
CUST0665,26,Freelancer,47701,Ahmedabad,Android,2533
CUST0666,56,Business,291048,Pune,Windows,16887
CUST0667,40,Freelancer,85161,Pune,iPhone,4523
CUST0668,61,Business,216482,Ahmedabad,MacBook,6352
CUST0669,50,Student,22262,Jaipur,Windows,911
CUST0670,48,Student,12091,Lucknow,Windows,965
CUST0671,34,Business,251997,Pune,iPhone,7912
CUST0672,66,Retired,35748,Delhi,MacBook,1809
CUST0673,64,Salaried,33336,Chennai,Windows,2925
CUST0674,43,Freelancer,75891,Delhi,iPhone,3511
CUST0675,61,Salaried,100075,Chennai,Windows,4955
CUST0676,28,Business,252389,Jaipur,iPhone,12626
CUST0677,48,Student,14192,Pune,iPhone,987
CUST0678,32,Student,21641,Hyderabad,Windows,1161
CUST0679,41,Business,148304,Ahmedabad,Windows,18196
CUST0680,48,Student,11758,Ahmedabad,Android,1267
CUST0681,50,Salaried,45704,Kolkata,Windows,4184
CUST0682,27,Student,14501,Hyderabad,Windows,1138
CUST0683,47,Retired,29386,Lucknow,iPhone,831
CUST0684,39,Freelancer,48176,Lucknow,Android,738
CUST0685,35,Freelancer,52444,Bengaluru,iPhone,4710
CUST0686,26,Student,24211,Kolkata,MacBook,1178
CUST0687,42,Freelancer,25611,Delhi,iPhone,3756
CUST0688,38,Student,27400,Hyderabad,Android,308
CUST0689,32,Salaried,75134,Pune,iPhone,1641
CUST0690,50,Freelancer,65123,Bengaluru,Android,1074
CUST0691,36,Business,199518,Jaipur,Windows,17210
CUST0692,39,Salaried,94248,Lucknow,iPhone,2150
CUST0693,19,Freelancer,54939,Hyderabad,iPhone,2430
CUST0694,55,Student,26535,Bengaluru,Android,1050
CUST0695,42,Student,18381,Jaipur,Android,398
CUST0696,59,Student,10646,Delhi,Android,1153
CUST0697,42,Freelancer,41199,Jaipur,Windows,4586
CUST0698,31,Salaried,119881,Delhi,Windows,4247
CUST0699,60,Student,27049,Pune,iPhone,1157
CUST0700,50,Student,13857,Pune,Android,517
CUST0701,30,Freelancer,51181,Pune,iPhone,3632
CUST0702,36,Freelancer,46020,Delhi,MacBook,2401
CUST0703,39,Freelancer,55737,Delhi,Android,1429
CUST0704,54,Student,26190,Bengaluru,Android,1347
CUST0705,64,Student,13319,Pune,iPhone,1235
CUST0706,34,Business,201707,Delhi,Android,8724
CUST0707,36,Student,21803,Lucknow,MacBook,537
CUST0708,66,Student,11503,Delhi,iPhone,649
CUST0709,40,Business,194744,Ahmedabad,Windows,6045
CUST0710,70,Business,169842,Bengaluru,Android,16132
CUST0711,47,Freelancer,60629,Kolkata,MacBook,4154
CUST0712,25,Salaried,47368,Delhi,iPhone,1649
CUST0713,55,Freelancer,88265,Ahmedabad,MacBook,2184
CUST0714,42,Retired,43501,Ahmedabad,Android,1035
CUST0715,49,Freelancer,39802,Kolkata,MacBook,1076
CUST0716,34,Student,20296,Delhi,iPhone,992
CUST0717,51,Retired,65104,Ahmedabad,Android,2272
CUST0718,48,Salaried,75318,Kolkata,iPhone,5373
CUST0719,21,Retired,20763,Bengaluru,MacBook,2530
CUST0720,22,Salaried,94441,Lucknow,iPhone,3510
CUST0721,21,Business,212888,Hyderabad,MacBook,16214
CUST0722,23,Salaried,90174,Chennai,MacBook,1521
CUST0723,46,Freelancer,66426,Mumbai,MacBook,845
CUST0724,43,Student,23511,Delhi,Android,486
CUST0725,57,Retired,61781,Pune,iPhone,2368
CUST0726,41,Business,296350,Delhi,iPhone,17891
CUST0727,53,Business,281173,Ahmedabad,MacBook,14904
CUST0728,25,Freelancer,37771,Hyderabad,Android,3496
CUST0729,58,Business,289692,Pune,Windows,6483
CUST0730,28,Student,26135,Bengaluru,MacBook,519
CUST0731,57,Business,131359,Hyderabad,Android,15874
CUST0732,47,Salaried,54979,Lucknow,Android,4195
CUST0733,58,Student,29294,Mumbai,MacBook,1236
CUST0734,50,Retired,28823,Chennai,Android,2672
CUST0735,53,Student,24182,Ahmedabad,MacBook,1341
CUST0736,62,Salaried,105832,Bengaluru,iPhone,1648
CUST0737,60,Freelancer,67184,Jaipur,MacBook,4129
CUST0738,62,Retired,69962,Hyderabad,Windows,2129
CUST0739,36,Business,198710,Bengaluru,iPhone,16524
CUST0740,62,Retired,69048,Jaipur,Windows,2743
CUST0741,63,Business,273152,Jaipur,iPhone,9582
CUST0742,57,Salaried,68086,Lucknow,iPhone,2256
CUST0743,52,Retired,65502,Lucknow,Android,1942
CUST0744,48,Retired,58194,Ahmedabad,MacBook,2686
CUST0745,45,Business,291892,Delhi,Android,3828
CUST0746,27,Freelancer,31955,Delhi,iPhone,2887
CUST0747,36,Salaried,119573,Pune,iPhone,1308
CUST0748,31,Business,277550,Jaipur,Android,14753
CUST0749,24,Freelancer,98647,Hyderabad,MacBook,2646
CUST0750,68,Retired,65621,Pune,Android,2062
CUST0751,44,Freelancer,65980,Jaipur,Android,806
CUST0752,30,Business,242676,Chennai,iPhone,15050
CUST0753,52,Retired,68395,Ahmedabad,iPhone,1292
CUST0754,46,Business,126511,Mumbai,iPhone,8694
CUST0755,25,Retired,44720,Delhi,MacBook,1643
CUST0756,34,Retired,28524,Bengaluru,Windows,523
CUST0757,47,Business,266040,Bengaluru,Android,8036
CUST0758,56,Business,93331,Ahmedabad,Windows,19074
CUST0759,53,Retired,43467,Mumbai,Windows,2652
CUST0760,29,Salaried,98236,Mumbai,iPhone,4207
CUST0761,52,Retired,46438,Mumbai,Windows,1406
CUST0762,60,Salaried,73500,Lucknow,Windows,3204
CUST0763,66,Salaried,111039,Jaipur,MacBook,5398
CUST0764,25,Student,21337,Chennai,iPhone,799
CUST0765,61,Student,20516,Kolkata,Android,1090
CUST0766,52,Business,269785,Pune,Android,19936
CUST0767,50,Business,290453,Jaipur,MacBook,18951
CUST0768,36,Student,16308,Lucknow,Android,496
CUST0769,67,Salaried,100513,Jaipur,Android,5935
CUST0770,31,Student,16985,Kolkata,Android,721
CUST0771,62,Retired,68586,Kolkata,Android,1129
CUST0772,47,Student,20869,Delhi,Android,450
CUST0773,29,Student,18254,Jaipur,Android,1477
CUST0774,34,Salaried,83429,Kolkata,MacBook,5962
CUST0775,45,Freelancer,66471,Delhi,MacBook,1669
CUST0776,18,Retired,62036,Ahmedabad,Android,2898
CUST0777,62,Student,12378,Lucknow,Android,893
CUST0778,56,Business,102676,Pune,MacBook,15498
CUST0779,70,Freelancer,29039,Chennai,iPhone,2501
CUST0780,65,Salaried,81248,Jaipur,Windows,5994
CUST0781,37,Salaried,118773,Lucknow,Android,5334
CUST0782,27,Retired,28076,Delhi,Android,2845
CUST0783,43,Retired,55202,Jaipur,Android,1748
CUST0784,65,Salaried,75069,Hyderabad,MacBook,4998
CUST0785,28,Salaried,54116,Hyderabad,Windows,2391
CUST0786,29,Student,28589,Delhi,MacBook,1425
CUST0787,36,Student,12207,Pune,Android,704
CUST0788,49,Retired,41682,Lucknow,iPhone,1460
CUST0789,36,Student,12287,Hyderabad,Windows,1295
CUST0790,39,Freelancer,65065,Ahmedabad,iPhone,3685
CUST0791,45,Business,124207,Delhi,Windows,11066
CUST0792,63,Salaried,113995,Kolkata,Windows,3744
CUST0793,61,Salaried,73458,Chennai,MacBook,4448
CUST0794,67,Business,160077,Chennai,Android,8759
CUST0795,23,Retired,38390,Bengaluru,iPhone,1578
CUST0796,64,Student,12470,Delhi,Android,1491
CUST0797,43,Retired,58668,Hyderabad,Android,2759
CUST0798,52,Business,221473,Chennai,iPhone,14987
CUST0799,32,Freelancer,63141,Bengaluru,MacBook,4805
CUST0800,23,Retired,46003,Lucknow,Android,1478
CUST0801,61,Retired,30868,Jaipur,iPhone,2327
CUST0802,29,Salaried,104233,Ahmedabad,iPhone,4760
CUST0803,20,Business,137362,Chennai,iPhone,5059
CUST0804,41,Business,141346,Delhi,iPhone,19970
CUST0805,42,Business,203122,Chennai,Android,4307
CUST0806,24,Business,264480,Jaipur,Windows,11628
CUST0807,52,Retired,57366,Bengaluru,MacBook,2050
CUST0808,55,Business,251268,Mumbai,Windows,15331
CUST0809,51,Salaried,83194,Lucknow,Windows,4788
CUST0810,56,Freelancer,25864,Jaipur,iPhone,4303
CUST0811,32,Salaried,40104,Jaipur,Windows,2532
CUST0812,29,Salaried,50625,Lucknow,Android,2686
CUST0813,69,Freelancer,68283,Mumbai,MacBook,4622
CUST0814,31,Freelancer,46134,Kolkata,Android,2696
CUST0815,26,Student,28792,Ahmedabad,iPhone,575
CUST0816,20,Retired,57504,Bengaluru,Android,1181
CUST0817,29,Business,215434,Kolkata,Android,12288
CUST0818,31,Student,24719,Ahmedabad,MacBook,1286
CUST0819,32,Salaried,83840,Ahmedabad,iPhone,5573
CUST0820,57,Salaried,116461,Jaipur,Windows,2173
CUST0821,47,Business,236377,Ahmedabad,Android,10530
CUST0822,42,Freelancer,42329,Mumbai,Android,2357
CUST0823,50,Retired,64850,Kolkata,iPhone,2980
CUST0824,29,Student,25593,Ahmedabad,Android,1388
CUST0825,66,Retired,27701,Mumbai,MacBook,1033
CUST0826,52,Retired,20078,Kolkata,MacBook,2017
CUST0827,62,Student,27361,Kolkata,iPhone,1287
CUST0828,40,Freelancer,37807,Kolkata,iPhone,2785
CUST0829,67,Freelancer,55475,Mumbai,Windows,4047
CUST0830,30,Business,81433,Delhi,Android,3235
CUST0831,59,Freelancer,51924,Lucknow,MacBook,3667
CUST0832,27,Student,23961,Ahmedabad,Windows,835
CUST0833,45,Retired,57006,Lucknow,Windows,2127
CUST0834,44,Salaried,102365,Jaipur,MacBook,2264
CUST0835,53,Business,225466,Chennai,Windows,13048
CUST0836,40,Retired,66235,Kolkata,iPhone,987
CUST0837,46,Salaried,51206,Mumbai,iPhone,4964
CUST0838,68,Freelancer,69359,Jaipur,Android,2016
CUST0839,58,Freelancer,25693,Mumbai,iPhone,4563
CUST0840,45,Retired,25776,Mumbai,Windows,1408
CUST0841,23,Business,239653,Delhi,MacBook,16128
CUST0842,59,Retired,54144,Pune,Android,1217
CUST0843,46,Freelancer,26403,Hyderabad,Windows,2295
CUST0844,68,Student,29644,Jaipur,iPhone,647
CUST0845,41,Student,17839,Delhi,iPhone,477
CUST0846,67,Business,184709,Lucknow,MacBook,16285
CUST0847,30,Retired,53930,Delhi,Android,869
CUST0848,36,Retired,67588,Jaipur,Windows,1923
CUST0849,32,Business,238954,Hyderabad,MacBook,16236
CUST0850,18,Retired,37111,Bengaluru,MacBook,2573
CUST0851,53,Student,12371,Jaipur,Windows,996
CUST0852,69,Student,26819,Pune,Windows,1206
CUST0853,54,Freelancer,88390,Hyderabad,Windows,4458
CUST0854,55,Freelancer,28584,Chennai,Android,2812
CUST0855,42,Student,17221,Hyderabad,Windows,1144
CUST0856,51,Business,220417,Delhi,Windows,11134
CUST0857,23,Business,184577,Lucknow,Android,8848
CUST0858,38,Freelancer,71338,Hyderabad,Windows,2197
CUST0859,49,Salaried,56170,Hyderabad,iPhone,2974
CUST0860,32,Salaried,56577,Hyderabad,Windows,2077
CUST0861,25,Student,12571,Chennai,Android,1408
CUST0862,48,Student,22163,Ahmedabad,Windows,1308
CUST0863,35,Retired,52165,Bengaluru,Windows,2129
CUST0864,66,Salaried,105584,Bengaluru,Android,5106
CUST0865,48,Freelancer,95879,Delhi,Windows,3925
CUST0866,47,Salaried,45776,Jaipur,MacBook,3385
CUST0867,18,Student,16905,Kolkata,Android,966
CUST0868,57,Business,148078,Bengaluru,Windows,10770
CUST0869,48,Business,240716,Lucknow,Windows,9026
CUST0870,45,Freelancer,52594,Kolkata,Windows,3690
CUST0871,35,Freelancer,84077,Bengaluru,iPhone,2572
CUST0872,64,Student,18845,Hyderabad,MacBook,1080
CUST0873,27,Salaried,49601,Chennai,Android,2246
CUST0874,49,Freelancer,42625,Jaipur,Windows,4686
CUST0875,34,Business,227361,Ahmedabad,Android,16054
CUST0876,62,Student,15352,Delhi,iPhone,820
CUST0877,58,Freelancer,37622,Chennai,Windows,2828
CUST0878,41,Business,226892,Jaipur,Windows,14276
CUST0879,44,Student,13972,Lucknow,iPhone,1481
CUST0880,59,Retired,62541,Jaipur,iPhone,1665
CUST0881,38,Business,256473,Jaipur,MacBook,17645
CUST0882,42,Student,19388,Chennai,iPhone,643
CUST0883,44,Business,245484,Ahmedabad,MacBook,5337
CUST0884,28,Student,21259,Hyderabad,Windows,948
CUST0885,63,Business,150116,Ahmedabad,MacBook,11888
CUST0886,67,Freelancer,72600,Ahmedabad,MacBook,4091
CUST0887,29,Salaried,33027,Bengaluru,iPhone,2861
CUST0888,31,Student,15469,Kolkata,Android,495
CUST0889,48,Student,27971,Delhi,Android,1113
CUST0890,66,Retired,25455,Mumbai,Windows,1136
CUST0891,59,Student,22774,Pune,iPhone,806
CUST0892,46,Business,244228,Bengaluru,iPhone,8590
CUST0893,20,Student,21692,Lucknow,MacBook,1256
CUST0894,35,Retired,55949,Chennai,iPhone,2708
CUST0895,55,Salaried,108326,Chennai,MacBook,5088
CUST0896,37,Retired,42752,Chennai,iPhone,866
CUST0897,37,Freelancer,72943,Kolkata,Windows,1975
CUST0898,18,Business,80024,Jaipur,iPhone,14268
CUST0899,48,Business,220272,Delhi,MacBook,18632
CUST0900,18,Business,280768,Kolkata,Windows,10576
CUST0901,53,Student,22243,Hyderabad,MacBook,1448
CUST0902,43,Freelancer,57754,Bengaluru,MacBook,3799
CUST0903,34,Salaried,40382,Kolkata,iPhone,5032
CUST0904,69,Retired,65477,Pune,Windows,2678
CUST0905,44,Business,129283,Mumbai,iPhone,7476
CUST0906,25,Business,246957,Chennai,MacBook,11917
CUST0907,49,Retired,32306,Lucknow,Android,1123
CUST0908,52,Student,10725,Bengaluru,Android,877
CUST0909,26,Business,267484,Chennai,Android,10628
CUST0910,27,Student,10482,Chennai,iPhone,1000
CUST0911,37,Freelancer,90325,Lucknow,MacBook,959
CUST0912,23,Business,276757,Bengaluru,Android,11732
CUST0913,22,Freelancer,96197,Chennai,iPhone,2274
CUST0914,70,Business,180028,Delhi,Android,11157
CUST0915,67,Freelancer,83059,Hyderabad,Android,2331
CUST0916,65,Freelancer,37315,Jaipur,iPhone,4573
CUST0917,61,Freelancer,65908,Lucknow,iPhone,1045
CUST0918,51,Retired,28004,Pune,MacBook,1723
CUST0919,41,Salaried,36827,Hyderabad,Android,2733
CUST0920,38,Freelancer,26974,Bengaluru,Windows,1680
CUST0921,68,Freelancer,56862,Delhi,Android,4593
CUST0922,27,Retired,44339,Mumbai,iPhone,1145
CUST0923,23,Freelancer,69357,Delhi,Android,3612
CUST0924,62,Salaried,100300,Mumbai,iPhone,4796
CUST0925,38,Salaried,103184,Lucknow,MacBook,2380
CUST0926,62,Student,22378,Lucknow,iPhone,813
CUST0927,49,Student,24336,Jaipur,Windows,1411
CUST0928,30,Freelancer,99278,Bengaluru,Windows,3351
CUST0929,35,Freelancer,97682,Bengaluru,Android,1969
CUST0930,36,Freelancer,59517,Jaipur,Windows,4419
CUST0931,67,Student,26579,Kolkata,iPhone,338
CUST0932,41,Retired,60645,Hyderabad,Windows,759
CUST0933,70,Retired,45394,Hyderabad,MacBook,2758
CUST0934,57,Salaried,67110,Lucknow,MacBook,3438
CUST0935,24,Student,27144,Mumbai,Android,565
CUST0936,20,Salaried,56486,Mumbai,MacBook,2369
CUST0937,20,Student,28710,Kolkata,MacBook,1376
CUST0938,62,Retired,58685,Pune,Android,2000
CUST0939,56,Salaried,39289,Delhi,iPhone,4825
CUST0940,47,Student,11989,Lucknow,MacBook,1055
CUST0941,70,Student,18710,Jaipur,Android,444
CUST0942,22,Business,136596,Jaipur,Android,6316
CUST0943,52,Salaried,80506,Hyderabad,iPhone,5110
CUST0944,54,Salaried,111962,Bengaluru,MacBook,1664
CUST0945,40,Retired,64203,Chennai,MacBook,926
CUST0946,68,Salaried,53644,Jaipur,MacBook,4934
CUST0947,60,Business,121465,Jaipur,MacBook,14544
CUST0948,53,Business,165106,Lucknow,MacBook,17109
CUST0949,56,Business,143103,Ahmedabad,iPhone,15290
CUST0950,65,Retired,36651,Lucknow,MacBook,2332
CUST0951,18,Freelancer,29543,Pune,Android,4940
CUST0952,37,Salaried,30860,Pune,iPhone,2559
CUST0953,19,Business,282250,Pune,iPhone,6089
CUST0954,47,Student,21654,Bengaluru,iPhone,842
CUST0955,55,Business,145498,Hyderabad,Windows,12840
CUST0956,54,Student,23100,Ahmedabad,iPhone,458
CUST0957,68,Business,206493,Bengaluru,MacBook,6124
CUST0958,59,Retired,39686,Delhi,MacBook,821
CUST0959,67,Student,20957,Lucknow,MacBook,1153
CUST0960,67,Student,17429,Ahmedabad,Android,1083
CUST0961,37,Student,27182,Delhi,Windows,1405
CUST0962,27,Retired,41419,Jaipur,iPhone,1127
CUST0963,61,Student,22873,Chennai,Android,754
CUST0964,36,Freelancer,76684,Bengaluru,iPhone,3453
CUST0965,48,Student,28724,Delhi,MacBook,837
CUST0966,43,Student,26443,Kolkata,iPhone,576
CUST0967,53,Freelancer,50966,Chennai,MacBook,2306
CUST0968,57,Retired,68212,Jaipur,iPhone,1492
CUST0969,35,Student,24092,Lucknow,Android,530
CUST0970,45,Freelancer,72876,Lucknow,iPhone,3327
CUST0971,56,Business,251811,Delhi,Windows,8546
CUST0972,57,Business,295373,Chennai,iPhone,17433
CUST0973,70,Student,17650,Hyderabad,Windows,619
CUST0974,25,Student,11787,Hyderabad,iPhone,889
CUST0975,39,Student,13646,Pune,MacBook,1264
CUST0976,39,Student,16848,Jaipur,iPhone,717
CUST0977,51,Retired,69175,Pune,MacBook,1078
CUST0978,42,Student,29103,Jaipur,Android,823
CUST0979,21,Salaried,67226,Hyderabad,Windows,1234
CUST0980,59,Freelancer,26092,Mumbai,MacBook,2922
CUST0981,24,Business,85001,Pune,MacBook,10574
CUST0982,50,Freelancer,38055,Lucknow,MacBook,1421
CUST0983,30,Salaried,95621,Chennai,Android,1125
CUST0984,51,Salaried,69967,Lucknow,MacBook,4022
CUST0985,19,Salaried,75453,Lucknow,Windows,5921
CUST0986,33,Business,211400,Pune,Android,11443
CUST0987,70,Freelancer,28862,Jaipur,Windows,2547
CUST0988,39,Salaried,81491,Bengaluru,Android,3931
CUST0989,61,Retired,60137,Hyderabad,MacBook,1484
CUST0990,27,Retired,47948,Pune,Windows,2339
CUST0991,26,Retired,33550,Bengaluru,iPhone,1065
CUST0992,62,Business,264847,Jaipur,iPhone,17092
CUST0993,59,Salaried,104035,Bengaluru,Windows,1355
CUST0994,52,Retired,67149,Mumbai,iPhone,1800
CUST0995,64,Salaried,33864,Lucknow,MacBook,4168
CUST0996,46,Business,275457,Pune,iPhone,9158
CUST0997,26,Student,16053,Delhi,Windows,1461
CUST0998,32,Retired,59083,Hyderabad,iPhone,606
CUST0999,23,Business,260392,Chennai,iPhone,19460
CUST1000,48,Retired,66662,Lucknow,iPhone,2087
